Type,Area,Sub Area,Child Sub Area,,
Service Request,Credit Cards,Apply for Credit Cards,,,
Service Request,Credit Cards,Card Fee Waiver Request,,,
Service Request,Credit Cards,Credit Card Duplicate Pin,,,
Service Request,Credit Cards,Hotlisting of Card,,,
Service Request,Credit Cards,Profile update,,,
Service Request,Credit Cards,Statement Request,,,
Complaint,ATM CLAIM,AEPS (Aadhaar Enabled Pymt System),Complaint lodged in Finacle,,
Complaint,Credit Cards,Card not working,,,
Complaint,Credit Cards,Renewal of expired Card,,,
Complaint,Credit Cards,Transaction declined,Domestic,,
Complaint,Credit Cards,Transaction declined,Overseas,,
Complaint,Credit Cards,Payment not shown in Stmt/AC,Mode of Payment (Cash),,
Complaint,Credit Cards,Payment not shown in Stmt/AC,Mode of Payment (Cheque),,
Complaint,Credit Cards,Payment not shown in Stmt/AC,Mode of Payment (Transfer from Account),,
Complaint,Credit Cards,Stmt not received,Non-receipt of Statement to e-mail id of the Cardholder,,
Complaint,Credit Cards,Statement request,Statement for more than a month,,
Complaint,Credit Cards,Cashback not credited to Card,Cashback not credited to Card,,
Complaint,Credit Cards,Reward Points not credited in Account,Reward Points not credited in Account,,
Complaint,Credit Cards,Error in Redemption of Reward Points,Profile Issues,,
Complaint,Credit Cards,Account Debited Cash Not Dispensed,Other Bank ATM,,
Complaint,Credit Cards,Account Debited Cash Not Dispensed,Our Bank ATM,,
Complaint,Credit Cards,Account Debited but not credited in Merchant/Beneficiary Account,,,
Complaint,Credit Cards,CIBIL related issues,Customer requests for updation/rectification of data pertaining to Credit Cards in CIBIL.,,
Complaint,Credit Cards,CIBIL Update,My Cibil report still shows Overdues/NPA in Cards,,
Complaint,Credit Cards,Card not working in ECOM or POS ?,Card is not working,,
Complaint,Credit Cards,Suspicious transactions,Unauthorised debits,,
Complaint,Credit Cards,Unable to view Rupay Credit Cards to Add to BHIM UPI App.,Unable to view Rupay Credit Cards to Add to BHIM UPI App.,,
Complaint,Credit Cards,Getting error RISK THRESHOLD EXCEEDED - RISK DECLINES while doing Transaction,Getting error RISK THRESHOLD EXCEEDED - RISK DECLINES while doing Transaction,,
Complaint,Credit Cards,Getting error ADDRESS RESOLUTION IS FAILED while doing Transaction,Getting error ADDRESS RESOLUTION IS FAILED while doing Transaction,,
Complaint,Credit Cards,Getting error DEBIT FAILURE while doing Transaction,Getting error DEBIT FAILURE while doing Transaction,,
Complaint,Credit Cards,Getting error DEBIT TIMEOUT while doing Transaction,Getting error DEBIT TIMEOUT while doing Transaction,,
Complaint,Credit Cards,Rewards redeemed time to Card,Rewards redeemed time to Card,,
Complaint,Credit Cards,Airport Lounge details,Airport Lounge access was Denied,,
Complaint,Credit Cards,Card not visible in Vyom,Card not visible in Vyom,,
Complaint,Credit Cards,Fuel / Petrol Surcharge,Fuel / Petrol Surcharge,,
Complaint,Credit Cards,OTP ISSUES,Not Receiving OTP/SMS,,
Complaint,Credit Cards,Statements not received in mail,Statements not received in mail,,
Complaint,Credit Cards,Dispatch Issues,Dispatch Issues,,
Service Request,Credit Cards,Temporary Blocking of existing Card,,,
Service Request,Credit Cards,Card not Received - Applied through Branch,,,
Service Request,Credit Cards,Card not Received - Applied through STP,,,
Service Request,Credit Cards,Card Not Activated,Applied through STP,,
Service Request,Credit Cards,Card Not Activated,Applied at Branch,,
Service Request,Credit Cards,Card Not Activated,Temporary Block,,
Service Request,Credit Cards,Card Not Activated,Hotlisted / Blocked Card,,
Service Request,Credit Cards,Card Not Activated,NPA Card,,
Service Request,Credit Cards,Card Not Activated,CBS-NPA Cards,,
Service Request,Credit Cards,Card Not Activated,Cards agt. Deposits,,
Service Request,Credit Cards,PIN Generation issues,,,
Service Request,Credit Cards,Waiver of Charges,Waiver of Charges such as Late fee and Penalties,,
Service Request,Credit Cards,Apply for Credit Cards,Through STP - Issues faced,,
Service Request,Credit Cards,Profile update,"All types of modification / LL TYPES OF MODIFICATION / Updation viz. AADHAR, BILL SEND FLAG, CBS CUST ID, DATE OF BIRTH, E-MAIL ID, EMPLOYEE CODE, PAN NUMBER, ADDRESS, ACCOUNT NUMBER, STANDING INSTRUCTIONS, STAFF CATOGERY, MOBILE NUMBER, ETC.",,
Service Request,Credit Cards,Others,,,
Service Request,Credit Cards,Others,,,
Service Request,Credit Cards,Cancellation of Cards,Cancellation of Cards if dues paid,,
Service Request,Credit Cards,Cancellation of Cards,Cancellation of Cards if any dues pending on Card,,
Service Request,Credit Cards,EMI Processing,"EMI for only individual transaction amount of Rs.5,000/- & above",,
Service Request,Credit Cards,Card conversion,Convert card to Rupay Select or Visa Signature,,
Service Request,Credit Cards,Card conversion,Convert card to Rupay card or Rupay Platinum,,
Service Request,Credit Cards,Card conversion,Convert card to Visa card or Visa Platinum. or Visa Gold,,
Service Request,Credit Cards,Add-on card,Request to add-on card to my wife/children/parents,,
Service Request,Credit Cards,Card limit enhancement,I want to increase my card limit,,
Service Request,Credit Cards,Card limit enhancement,I want to increase my card limit [for other than Staff),,
Service Request,Credit Cards,Card limit enhancement,I want to increase my card limit (Staff),,
Service Request,Credit Cards,Date of NPA,Customer wants to know the date of NPA,,
Service Request,Credit Cards,Compromise/ One Time Settlement,Settle dues under Compromise or OTS,,
Service Request,Credit Cards,Suit Filed Card,Customer wants to know date of filing Suit,,
Service Request,Credit Cards,"Real, O/s & Suit filed amount",Amount due for suit filed cards,,
Service Request,Credit Cards,NOC in respect of settled cards,Request for NO OBJECTION CERTIFICATE NOC,,
Service Request,Credit Cards,Excess Amount Paid or Double Credit refund,REFUND,,
Complaint,NRI Customers,Internet Banking,RSA Tool Issue,,
Complaint,NRI Customers,Internet Banking,Registration of Net banking,,
Complaint,NRI Customers,Internet Banking,Login isssue,,
Complaint,NRI Customers,Internet Banking,Transaction password reset,,
Complaint,NRI Customers,Mobile Banking,OTP not received for Vyom registration,,
Complaint,NRI Customers,Mobile Banking,Authentication failed while registering for Vyom app,,
Complaint,NRI Customers,Internet Banking,OTP issue,,
Complaint,NRI Customers,Mobile Banking,OTP issue,,
Query,NRI Customers,Term Deposit related,,,
Query,NRI Customers,Debit Card issuance,,,
Query,NRI Customers,Miscellaneous Query,,,
Query,NRI Customers,Chequebook Issuance,,,
Query,NRI Customers,Account Closure,,,
Query,NRI Customers,Account Conversion,,,
Query,NRI Customers,Addition/Deletion of Joint holder,,,
Query,NRI Customers,Addition/Deletion of Nominee Details,,,
Query,NRI Customers,Account Freeze/Unfreeze,,,
Query,NRI Customers,Unsuspension of customer id,,,
Query,NRI Customers,Fixed Deposit Closure,,,
Query,NRI Customers,Fixed Deposit Renewal,,,
Query,NRI Customers,Account Status,,,
Query,NRI Customers,Fund Transfer Inquiry,Query for Fund Transfer Inquiry,,
Query,NRI Customers,Interest Rates query,Query for Interest Rates query for NRE/NRO Term Deposit,,
Service Request,NRI Customers,KYC updation,Address Update,,
Service Request,NRI Customers,KYC updation,Email ID Update,,
Service Request,NRI Customers,KYC updation,Mobile Number Update,,
Service Request,NRI Customers,KYC updation,Others,,
Service Request,NRI Customers,Conversion of Account,Resident to Non-Resident,,
Service Request,NRI Customers,Conversion of Account,Non-Resident to Resident,,
Service Request,NRI Customers,Activation of accounts,Activation of inactive/dormant account,,
I,NRI Customers,Statement request,,,
Service Request,NRI Customers,Interest Certificate Request,,,
Service Request,NRI Customers,TDS certificate Request,,,
Service Request,NRI Customers,Registered mobile number updation,,,
Service Request,NRI Customers,Updation of overseas address,,,
Complaint,Union Voice Assistant (UVA),Fund Transfer,Unsuccessful Transaction,,
Complaint,Union Voice Assistant (UVA),Fund Transfer,Transaction Not Initiated by Me (Disable Skill),,
Complaint,Union Voice Assistant (UVA),Unauthorized Access of UVA,Request to Disable Skill,,
Complaint,SERVICE RELATED ISSUE,Cross Selling,,,
Complaint,Suggessions/Issues,Education Loan,Not applied yet,,
Complaint,Suggessions/Issues,Leased Branch premises,Payment issues,,
Complaint,Suggessions/Issues,Leased Branch premises,Possession issues,,
Complaint,SMS Facility/Alerts,SMS Alerts wrongly received,,,
Complaint,Suggessions/Issues,Online loan STP,,,
Complaint,Suggessions/Issues,Mudra STP,,,
Complaint,Suggessions/Issues,Amount sent to Union Bank of India account,Chargeback raised by sender Bank,,
Complaint,Suggessions/Issues,Amount sent to Union Bank of India account,Chargeback not raised by sender Bank,,
Complaint,Suggessions/Issues,Cheque dishonoured,Issued to Union Bank customer,,
Complaint,Suggessions/Issues,Cheque dishonoured,Issued by Union bank customer,,
Complaint,Suggessions/Issues,Administration issues,,,
Complaint,KV fee related,Txn failed,,,
Complaint,KV fee related,Amount debited but Txn not successful,,,
Complaint,Challan Payment,Online,Not credited to beneficiary,,
Complaint,Challan Payment,Online,Payment failed,,
Complaint,Challan Payment,Offline,Not credited to beneficiary,,
Complaint,Challan Payment,Offline,Payment failed,,
Complaint,Challan Payment,Offline,Not accepted by Branch,,
Complaint,Insurance/Mutual Fund,Pending/non disbrs claims,,,
Complaint,UPI,Creation of UPI ID,,,
Complaint,UPI,UPI Payments,,,
Complaint,UPI,Set/Reset of UPI PIN,,,
Complaint,UPI,UPI Number,,,
Complaint,UPI,Credit Card on UPI,,,
Complaint,UPI,UPI Mandate,,,
Complaint,UPI,UPI Autopay,,,
Complaint,UPI,ICCW at ATM using UPI,,,
Service Request,CASA,BSBDA/BSBDS to SBGEN Account Conversion,,,
,,,,,
Complaint,Digital Cyber Crime,Digital Rupee CBDC,,,
Service request,ATM/Debit Card,Debit Card Pin Generation,,,
Service request,Internet Banking,Request for Internet Banking,,,
Service request,Mobile Banking,Request for Mobile Banking,,,
Service request,CASA,Update KYC,,,
Service request,CASA,Account Transfer Request,BSBDA/BSBDS to SBGEN,,
Service request,CASA,Account Type Change Request,BSBDA/BSBDS to SBGEN,,
Service request,CASA,Closing of Account Request Initiation,Current Account,,
Service request,CASA,Closing of Account Request Initiation,Saving Account,,
Service request,CASA,Account Freeze and Unfreeze,Current Account,,
Service request,CASA,Account Freeze and Unfreeze,Saving Account,,
Service request,CASA,Addition/Deletion of account holders,Current Account,,
Service request,CASA,Addition/Deletion of account holders,Saving Account,,
Service request,CASA,Name modification,Current Account,,
Service request,CASA,Name modification,Saving Account,,
Service request,CASA,Signature update,Current Account,,
Service request,CASA,Signature update,Saving Account,,
Service request,CASA,Update Nominee,Current Account,,
Service request,CASA,Update Nominee,Saving Account,,
Service request,CASA,Acceptance of Hold/Lien removal request,Current Account,,
Service request,CASA,Acceptance of Hold/Lien removal request,Saving Account,,
Service request,CASA,Request for new passbook,Saving Account,,
Type,Area,Sub Area,Child Sub Area,,
Service Request,Credit Cards,Apply for Credit Cards,,,
Service Request,Credit Cards,Card Fee Waiver Request,,,
Service Request,Credit Cards,Credit Card Duplicate Pin,,,
Service Request,Credit Cards,Hotlisting of Card,,,
Service Request,Credit Cards,Profile update,,,
Service Request,Credit Cards,Statement Request,,,
Complaint,ATM CLAIM,AEPS (Aadhaar Enabled Pymt System),Complaint lodged in Finacle,,
Complaint,Credit Cards,Card not working,,,
Complaint,Credit Cards,Renewal of expired Card,,,
Complaint,Credit Cards,Transaction declined,Domestic,,
Complaint,Credit Cards,Transaction declined,Overseas,,
Complaint,Credit Cards,Payment not shown in Stmt/AC,Mode of Payment (Cash),,
Complaint,Credit Cards,Payment not shown in Stmt/AC,Mode of Payment (Cheque),,
Complaint,Credit Cards,Payment not shown in Stmt/AC,Mode of Payment (Transfer from Account),,
Complaint,Credit Cards,Stmt not received,Non-receipt of Statement to e-mail id of the Cardholder,,
Complaint,Credit Cards,Statement request,Statement for more than a month,,
Complaint,Credit Cards,Cashback not credited to Card,Cashback not credited to Card,,
Complaint,Credit Cards,Reward Points not credited in Account,Reward Points not credited in Account,,
Complaint,Credit Cards,Error in Redemption of Reward Points,Profile Issues,,
Complaint,Credit Cards,Account Debited Cash Not Dispensed,Other Bank ATM,,
Complaint,Credit Cards,Account Debited Cash Not Dispensed,Our Bank ATM,,
Complaint,Credit Cards,Account Debited but not credited in Merchant/Beneficiary Account,,,
Complaint,Credit Cards,CIBIL related issues,Customer requests for updation/rectification of data pertaining to Credit Cards in CIBIL.,,
Complaint,Credit Cards,CIBIL Update,My Cibil report still shows Overdues/NPA in Cards,,
Complaint,Credit Cards,Card not working in ECOM or POS ?,Card is not working,,
Complaint,Credit Cards,Suspicious transactions,Unauthorised debits,,
Complaint,Credit Cards,Unable to view Rupay Credit Cards to Add to BHIM UPI App.,Unable to view Rupay Credit Cards to Add to BHIM UPI App.,,
Complaint,Credit Cards,Getting error RISK THRESHOLD EXCEEDED - RISK DECLINES while doing Transaction,Getting error RISK THRESHOLD EXCEEDED - RISK DECLINES while doing Transaction,,
Complaint,Credit Cards,Getting error ADDRESS RESOLUTION IS FAILED while doing Transaction,Getting error ADDRESS RESOLUTION IS FAILED while doing Transaction,,
Complaint,Credit Cards,Getting error DEBIT FAILURE while doing Transaction,Getting error DEBIT FAILURE while doing Transaction,,
Complaint,Credit Cards,Getting error DEBIT TIMEOUT while doing Transaction,Getting error DEBIT TIMEOUT while doing Transaction,,
Complaint,Credit Cards,Rewards redeemed time to Card,Rewards redeemed time to Card,,
Complaint,Credit Cards,Airport Lounge details,Airport Lounge access was Denied,,
Complaint,Credit Cards,Card not visible in Vyom,Card not visible in Vyom,,
Complaint,Credit Cards,Fuel / Petrol Surcharge,Fuel / Petrol Surcharge,,
Complaint,Credit Cards,OTP ISSUES,Not Receiving OTP/SMS,,
Complaint,Credit Cards,Statements not received in mail,Statements not received in mail,,
Complaint,Credit Cards,Dispatch Issues,Dispatch Issues,,
Service Request,Credit Cards,Temporary Blocking of existing Card,,,
Service Request,Credit Cards,Card not Received - Applied through Branch,,,
Service Request,Credit Cards,Card not Received - Applied through STP,,,
Service Request,Credit Cards,Card Not Activated,Applied through STP,,
Service Request,Credit Cards,Card Not Activated,Applied at Branch,,
Service Request,Credit Cards,Card Not Activated,Temporary Block,,
Service Request,Credit Cards,Card Not Activated,Hotlisted / Blocked Card,,
Service Request,Credit Cards,Card Not Activated,NPA Card,,
Service Request,Credit Cards,Card Not Activated,CBS-NPA Cards,,
Service Request,Credit Cards,Card Not Activated,Cards agt. Deposits,,
Service Request,Credit Cards,PIN Generation issues,,,
Service Request,Credit Cards,Waiver of Charges,Waiver of Charges such as Late fee and Penalties,,
Service Request,Credit Cards,Apply for Credit Cards,Through STP - Issues faced,,
Service Request,Credit Cards,Profile update,"All types of modification / LL TYPES OF MODIFICATION / Updation viz. AADHAR, BILL SEND FLAG, CBS CUST ID, DATE OF BIRTH, E-MAIL ID, EMPLOYEE CODE, PAN NUMBER, ADDRESS, ACCOUNT NUMBER, STANDING INSTRUCTIONS, STAFF CATOGERY, MOBILE NUMBER, ETC.",,
Service Request,Credit Cards,Others,,,
Service Request,Credit Cards,Others,,,
Service Request,Credit Cards,Cancellation of Cards,Cancellation of Cards if dues paid,,
Service Request,Credit Cards,Cancellation of Cards,Cancellation of Cards if any dues pending on Card,,
Service Request,Credit Cards,EMI Processing,"EMI for only individual transaction amount of Rs.5,000/- & above",,
Service Request,Credit Cards,Card conversion,Convert card to Rupay Select or Visa Signature,,
Service Request,Credit Cards,Card conversion,Convert card to Rupay card or Rupay Platinum,,
Service Request,Credit Cards,Card conversion,Convert card to Visa card or Visa Platinum. or Visa Gold,,
Service Request,Credit Cards,Add-on card,Request to add-on card to my wife/children/parents,,
Service Request,Credit Cards,Card limit enhancement,I want to increase my card limit,,
Service Request,Credit Cards,Card limit enhancement,I want to increase my card limit [for other than Staff),,
Service Request,Credit Cards,Card limit enhancement,I want to increase my card limit (Staff),,
Service Request,Credit Cards,Date of NPA,Customer wants to know the date of NPA,,
Service Request,Credit Cards,Compromise/ One Time Settlement,Settle dues under Compromise or OTS,,
Service Request,Credit Cards,Suit Filed Card,Customer wants to know date of filing Suit,,
Service Request,Credit Cards,"Real, O/s & Suit filed amount",Amount due for suit filed cards,,
Service Request,Credit Cards,NOC in respect of settled cards,Request for NO OBJECTION CERTIFICATE NOC,,
Service Request,Credit Cards,Excess Amount Paid or Double Credit refund,REFUND,,
Complaint,NRI Customers,Internet Banking,RSA Tool Issue,,
Complaint,NRI Customers,Internet Banking,Registration of Net banking,,
Complaint,NRI Customers,Internet Banking,Login isssue,,
Complaint,NRI Customers,Internet Banking,Transaction password reset,,
Complaint,NRI Customers,Mobile Banking,OTP not received for Vyom registration,,
Complaint,NRI Customers,Mobile Banking,Authentication failed while registering for Vyom app,,
Complaint,NRI Customers,Internet Banking,OTP issue,,
Complaint,NRI Customers,Mobile Banking,OTP issue,,
Query,NRI Customers,Term Deposit related,,,
Query,NRI Customers,Debit Card issuance,,,
Query,NRI Customers,Miscellaneous Query,,,
Query,NRI Customers,Chequebook Issuance,,,
Query,NRI Customers,Account Closure,,,
Query,NRI Customers,Account Conversion,,,
Query,NRI Customers,Addition/Deletion of Joint holder,,,
Query,NRI Customers,Addition/Deletion of Nominee Details,,,
Query,NRI Customers,Account Freeze/Unfreeze,,,
Query,NRI Customers,Unsuspension of customer id,,,
Query,NRI Customers,Fixed Deposit Closure,,,
Query,NRI Customers,Fixed Deposit Renewal,,,
Query,NRI Customers,Account Status,,,
Query,NRI Customers,Fund Transfer Inquiry,Query for Fund Transfer Inquiry,,
Query,NRI Customers,Interest Rates query,Query for Interest Rates query for NRE/NRO Term Deposit,,
Service Request,NRI Customers,KYC updation,Address Update,,
Service Request,NRI Customers,KYC updation,Email ID Update,,
Service Request,NRI Customers,KYC updation,Mobile Number Update,,
Service Request,NRI Customers,KYC updation,Others,,
Service Request,NRI Customers,Conversion of Account,Resident to Non-Resident,,
Service Request,NRI Customers,Conversion of Account,Non-Resident to Resident,,
Service Request,NRI Customers,Activation of accounts,Activation of inactive/dormant account,,
I,NRI Customers,Statement request,,,
Service Request,NRI Customers,Interest Certificate Request,,,
Service Request,NRI Customers,TDS certificate Request,,,
Service Request,NRI Customers,Registered mobile number updation,,,
Service Request,NRI Customers,Updation of overseas address,,,
Complaint,Union Voice Assistant (UVA),Fund Transfer,Unsuccessful Transaction,,
Complaint,Union Voice Assistant (UVA),Fund Transfer,Transaction Not Initiated by Me (Disable Skill),,
Complaint,Union Voice Assistant (UVA),Unauthorized Access of UVA,Request to Disable Skill,,
Complaint,SERVICE RELATED ISSUE,Cross Selling,,,
Complaint,Suggessions/Issues,Education Loan,Not applied yet,,
Complaint,Suggessions/Issues,Leased Branch premises,Payment issues,,
Complaint,Suggessions/Issues,Leased Branch premises,Possession issues,,
Complaint,SMS Facility/Alerts,SMS Alerts wrongly received,,,
Complaint,Suggessions/Issues,Online loan STP,,,
Complaint,Suggessions/Issues,Mudra STP,,,
Complaint,Suggessions/Issues,Amount sent to Union Bank of India account,Chargeback raised by sender Bank,,
Complaint,Suggessions/Issues,Amount sent to Union Bank of India account,Chargeback not raised by sender Bank,,
Complaint,Suggessions/Issues,Cheque dishonoured,Issued to Union Bank customer,,
Complaint,Suggessions/Issues,Cheque dishonoured,Issued by Union bank customer,,
Complaint,Suggessions/Issues,Administration issues,,,
Complaint,KV fee related,Txn failed,,,
Complaint,KV fee related,Amount debited but Txn not successful,,,
Complaint,Challan Payment,Online,Not credited to beneficiary,,
Complaint,Challan Payment,Online,Payment failed,,
Complaint,Challan Payment,Offline,Not credited to beneficiary,,
Complaint,Challan Payment,Offline,Payment failed,,
Complaint,Challan Payment,Offline,Not accepted by Branch,,
Complaint,Insurance/Mutual Fund,Pending/non disbrs claims,,,
Complaint,UPI,Creation of UPI ID,,,
Complaint,UPI,UPI Payments,,,
Complaint,UPI,Set/Reset of UPI PIN,,,
Complaint,UPI,UPI Number,,,
Complaint,UPI,Credit Card on UPI,,,
Complaint,UPI,UPI Mandate,,,
Complaint,UPI,UPI Autopay,,,
Complaint,UPI,ICCW at ATM using UPI,,,
Service Request,CASA,BSBDA/BSBDS to SBGEN Account Conversion,,,
,,,,,
Complaint,Digital Cyber Crime,Digital Rupee CBDC,,,
Service request,ATM/Debit Card,Debit Card Pin Generation,,,
Service request,Internet Banking,Request for Internet Banking,,,
Service request,Mobile Banking,Request for Mobile Banking,,,
Service request,CASA,Update KYC,,,
Service request,CASA,Account Transfer Request,BSBDA/BSBDS to SBGEN,,
Service request,CASA,Account Type Change Request,BSBDA/BSBDS to SBGEN,,
Service request,CASA,Closing of Account Request Initiation,Current Account,,
Service request,CASA,Closing of Account Request Initiation,Saving Account,,
Service request,CASA,Account Freeze and Unfreeze,Current Account,,
Service request,CASA,Account Freeze and Unfreeze,Saving Account,,
Service request,CASA,Addition/Deletion of account holders,Current Account,,
Service request,CASA,Addition/Deletion of account holders,Saving Account,,
Service request,CASA,Name modification,Current Account,,
Service request,CASA,Name modification,Saving Account,,
Service request,CASA,Signature update,Current Account,,
Service request,CASA,Signature update,Saving Account,,
Service request,CASA,Update Nominee,Current Account,,
Service request,CASA,Update Nominee,Saving Account,,
Service request,CASA,Acceptance of Hold/Lien removal request,Current Account,,
Service request,CASA,Acceptance of Hold/Lien removal request,Saving Account,,
Service request,CASA,Request for new passbook,Saving Account,,